id,department_id,person_id
ee9f3594-f179-4042-8988-89110021e439,19,2d77ee38-508f-466c-ae01-06cbea6d929d
11937013-6265-4498-9fe0-475b39e1010f,4,34906b2a-5002-4991-9c0b-50e3cf2291f5
b435acf8-82e6-498f-bafd-ad06009a1e74,3,cc396162-aa5b-4c70-b78e-b52cf8c27aa5
c3664159-1a92-49d8-b41c-0f4702f318ff,2,5e761687-d94a-4f49-9517-b3d4d885d110
37747ad8-17c5-4a23-ac8c-4090973402fa,2,192131b8-ff5d-47ab-8dc2-1e7a32c8f237
77b22f1b-1fa8-40c7-9fd5-d31d80729649,13,37175c59-aca3-4339-93b2-0fc7714494c2
4bed4504-bbc0-4fbc-98f7-ebeabc1e044f,11,4141cdaa-923f-4f81-aa37-815cae9eab6c
1e15f137-815f-4adf-b771-fedafe73d832,23,07cd1007-a8e2-434b-81c0-ff823ceb5159
82881912-7ea6-49ac-8ce4-f171b49bb3ea,3,44f1bb18-6137-4f4d-b6c4-3b3c302871c0
6c5e3529-8e44-4a85-a99d-91a30a70c762,26,e28c0d98-ffc2-4d85-a1fa-71130fea45a3
039905e2-d9ff-4e19-94cb-579225311240,5,be39157f-c683-426b-90a7-063f992698d9
d6053cc1-351e-4a64-850b-7722deca67bc,2,24e35545-82d3-41d5-8962-c2951e42d4c1
2eb35dcf-9a3e-4605-9769-41c75dfebf9d,26,0b66f490-3e74-4f7a-a47d-f86738beb602
c622a820-2ca5-434c-80cd-d0ba0aa2f40b,15,7332730f-0d2f-4477-b0bf-d8abb974b8b8
1731560a-4741-4515-94f1-fa0e5e1e9126,2,f0ac6f85-f896-41e4-b106-207d56b2ebc9
d47da20a-85df-4b82-963a-015516e8e7ad,10,e425f57a-3938-4109-897b-813605123b50
f3b0bdaf-a0b7-4f19-bc31-f16ebdb847d2,20,c35033dc-b655-4195-9013-6d5f45c1fd7e
deb53b8f-5d4e-4c2a-9295-25da245f025f,21,8a293971-652a-4cb9-8e16-d1b6ab25903d
1d06f40d-c7f7-4000-a6ea-afb5c2f0182e,14,b2787273-5950-40e6-bee4-b730cbcd709e
cb0e54d0-5586-456e-8860-0789729b6549,3,c94b9b1a-4f58-4cce-a7c8-ffa40eb0d3d8
61bf9f6d-7a91-4138-930c-16575d291949,4,a6f7cac5-a757-4c8b-a94b-84022d4a23eb
88d48cd4-1e47-44db-8fae-e41e6545f3b6,22,f868f3a9-b909-4f9a-a739-b67198cb3dc3
e770bee0-5e0e-40ac-9eb3-44422ba7ec57,2,73ccf424-c226-4e71-b34d-4f63634c6cf8
cfc03b54-d2df-40f4-9fa2-b20b0e1758e5,18,902dd179-17ec-417f-843d-bf8276d11dba
70d08f86-b247-4553-b1d1-821733d37b7a,2,88d58845-14cb-4f1d-8eaa-fce23b7d4ee8
2bd9b296-79eb-46df-9c48-280b32ce6524,10,caf8d048-ad1e-400e-a025-3912f31de7c8
1debf6df-a9cf-43de-a6da-1b16562236f9,13,73bb8e05-5385-4f5a-8c17-54b7731b36cd
895a6fb6-e69b-4337-8fc9-2fe27b6798f9,13,c76d0e9e-247e-4848-bd2a-50480d28679e
7530c4e0-6f77-4874-8421-a668f892b714,4,ccb18365-b643-4fdb-9333-487bda7663a3
10e5d164-f3d8-4e3b-b985-fd99114b56cf,20,4d7b5bb2-69cb-4090-a875-b391faa0c384
61892afd-8feb-469a-951b-1b1ee86f661e,25,4b2846a8-a42b-45b7-be1d-a4d1557f4abf
8295007f-b723-4ca3-aa88-aaa3a13aa509,14,bcdf8b96-f187-4bbd-8024-bf2d9a2c4a2e
d74fe79e-f31e-4562-8aab-aa1491aba8da,8,9311c151-3172-40be-bb9f-5970b343cb65
bedb78d7-86bb-4054-89fa-4f67347c3d1d,20,cef33523-af3b-4a21-aec9-c66fa715e5d8
fe71de9f-edd6-4e3c-ad75-2cd00630607c,26,64770067-3e7c-4822-8806-ffd0c01ada68
40ad6092-8b53-4c02-9a04-6eecb6375ce2,22,7204c3a5-0a35-41e3-9498-329c981b0b50
eafdb228-6654-4086-9300-c0913b0c3e73,20,72fce061-fdbf-4d4a-8db7-b9263083e858
c7d0a7fd-0206-4084-ba90-0bf981e9e342,1,0c70a096-6e44-41a3-9a8a-f1d409a03581
2eda2d79-ddcb-409a-8f45-42797a4f8596,15,d691ed5e-6ef8-4ff2-97ba-bc246a3a9ba6
9f129810-2561-4290-bf55-9751aa640fc6,13,89fcd987-eea7-4205-a451-2fce8b5c567d
72bf97fc-c049-4df7-bf8f-9e77c0db066c,15,4ad2afa1-f74a-464b-b674-48e2278d0d59
f4732d1f-3fe4-474c-907e-23d184317b02,26,fc106bf4-7249-4bda-9291-397bb10b4e52
72ef5ae1-12b7-466d-ba3c-4b68b059370b,14,81110651-57f2-449d-9187-ad9865030ef9
ed6500df-d08c-444a-a585-6c1798698d5c,20,6d303c81-ec71-4f26-a262-45ff61246202
a05a9353-a844-417e-b5a6-e2969d15e531,20,2a7fa7af-96b6-4d57-8c8a-bc143b90155e
1ff66d10-ed7d-4fc4-9037-e396c5d21565,4,2d7a37b3-9e1d-479f-b5c1-3be6c59b7b46
c0b767a1-9ba8-46a0-98fc-6b374dc68e79,11,22bef272-7a04-4388-b031-db82e1c333f6
db313e6a-bca1-4584-b0d8-6fb852de8c56,21,14d1178f-54d4-4c5e-8cd8-1f7e3aff3b5a
76d35081-5643-49b6-945d-253fc1824f6b,22,f2a9d4d8-b4f7-425c-aee5-6371b09583e8
49746492-0143-4d88-8b57-29b63a11c317,26,de343007-6b68-4a99-9e26-991aef8873a5
4add0fb0-fc71-43da-91f6-54186c1e24fc,1,2b1316f8-e8fe-4f35-801b-629c7d597f87
e2d089af-662c-4419-b0a3-a7efe38b117c,15,a7d9da54-ed0b-4703-873d-0e63686e306f
d1977872-8484-4b95-9095-979454d5fe2e,17,6da43dfa-cb27-4659-ba28-18c355bb4751
24d81aa8-d0fb-45d0-b857-0df6f2ef887b,11,5207e3d7-9f2c-479a-925a-df725f58ae9e
e36c32fa-2b89-4a65-8cc9-d4699920fceb,19,808a29f9-12d5-4920-9172-e485f7ace271
4c4a6ecc-45b8-49c8-94db-6fe1aada5a9c,7,c6df6761-10c4-4a3d-8043-7cb0ae746aad
db2f6375-97dd-4de2-ac5d-5d20982efad0,4,7992a83d-a757-4a85-b4de-c89a6da89d5f
dad57f9f-59b6-4f48-bec7-7d2cf79cf66d,4,c4732ba1-421c-4951-a3bb-7f9984500c17
4fc30276-5f06-4ee0-b349-6d56916a82ef,1,600bcf3b-53b7-4bae-85ae-656fdba517aa
e480e3ec-8e14-4ebe-ae1b-98068d112b7d,20,b5db3cea-d6b5-476a-9741-0b8857015e45
19df5abd-e6c1-4903-b755-36188912ef42,23,bce73790-4c12-4936-b9cc-a94f1d5079bb
165164f0-596b-4970-bef4-196a1897ec43,3,0bb1fd86-081f-481d-b470-37ffc94e6720
20d25540-be63-4c13-8bb9-b8eee6cb5405,19,e69d74a3-9406-49fa-8b3a-2dd765a969bf
b8065888-ab8b-4feb-836a-a6b5eb275f81,26,de536551-9d72-46f7-b3e7-14cad1fa4114
abde4698-0e0b-496d-a554-eabe8975a925,27,52b204e1-47d2-4fe6-bd57-cb967c6b7958
740cfa37-5c47-4917-9522-20b0bd6b7cbb,7,6be88b12-6156-4c6d-a0a4-ab901fd97da2
4a09aa02-e199-4b94-82ef-f62ae648ffa0,19,61614d1d-9519-46b1-b577-b9cc115aae8b
b74e06fc-6d77-464e-8c1c-b1410c0ce597,5,88765651-f1cc-4bc4-80c2-c268d0d77f51
f4b02b47-4e6c-4fd0-929c-948aa40f3855,21,8c799a27-658f-483d-b493-d1e6d1aa5101
7ebdd715-c70b-4951-a483-fcd9c050f15b,17,8a35b99e-3287-42ff-8387-53b2044957d2
1a2826ce-cdc8-4870-b89a-9adc89b18297,9,cae99eed-48c0-4048-a574-cbe9d72b9da1
fc20e5f3-a0e4-48b3-aa4e-1f7a5943f3b2,12,d14db7f1-3da9-4b5d-bfb1-a28ec55d2247
e7679dd3-b72c-44a3-8f5e-1a16d2426d00,14,7e1e8bd4-132b-4213-8a47-42bfff5f9a1f
0ac3eaf2-17ec-4c86-962d-191f6ef6e7b4,16,53f345a5-15d9-46ff-9066-e45b84a6429b
a731f0dc-07e7-4571-aa6a-9fe01663bf54,24,e2cb806c-1a80-4d0e-b059-31fbddafbd52
dcf01df7-cb16-49b2-a370-5ead50526cde,20,aa63b144-b809-4da7-8da9-229b06f48e29
7f6dc5e8-7f9a-4de1-ba86-7bde58103ca0,15,e70cc1d1-ccef-4e39-a72e-aa95aa16a643
7698a74b-2d23-47d2-92a4-fe12ccc46060,6,08abe1a2-6d67-4602-b3bc-367105b9e49c
67e54a65-d1b0-4924-954d-48cb3eda782b,8,26dd9dc7-4820-45a8-bdf5-2943ab3c264a
590d661c-98e4-4495-b4ee-6cf792f4ba0f,5,3e0a4195-2c5f-4050-b444-595693411875
7ebf333d-2186-4c7a-b54a-0b99d8710229,26,2802c1bb-1e54-41f5-8940-1720216f9bc7
083f6c8d-a943-4d0d-84a9-25d9f5d40549,2,6f316995-85f9-4695-90eb-6dd1203341f4
469c46f0-be57-4399-8247-8a915ab1bb00,2,6a93334e-4b80-4dfd-a07d-d0b9811a8ee7
4a610af6-0010-44e0-99a0-102956bf9eb0,5,10b82d2a-c03f-47a2-b1a4-cb94e5bc00bb
8e5f06f4-6e2e-4930-8362-62fe570f1969,10,7b088634-421e-4f03-b311-9c8471fd8b14
9f711a5c-cc95-496c-a951-286315115c1a,19,f2bdecd7-0370-464b-b46e-bb6a415692aa
197d6da2-1a82-41ee-b322-af52b2790e3a,14,56b07206-0e87-4b3e-b65d-0216f72501f8
8a062d6f-190d-4863-b63c-16a3c3fb2e49,17,e6d87556-a089-43e4-b182-1911b8f2ee94
97a3b47c-6092-4179-a117-b3611e727c09,21,519aa11c-9fbb-42cc-a12a-4bef295a329b
d6c915d5-22d0-430a-b7da-843c68756936,25,69c3fab4-3a78-47ff-bbf6-b4004721d1a3
74ce8266-b351-46c1-b10c-1c1e67797199,12,f7f9dcff-2556-41c4-8b42-ebc953195e16
59cbf0e1-07af-424d-bc4c-f4bf993ce3d1,10,00fcf303-e28b-4e19-b434-8862f149007f
fc1c8fb7-4079-4063-9c01-e00a5cd47eac,19,c91af462-ad15-49f7-a5db-6a1110813738
169ffb51-147d-499b-b4d4-fa7f532c134e,18,299d90c7-ca64-4c26-a5a3-60799ec8cc9e
b5c79dc4-d461-4d70-aa50-2c9f761f55ad,25,64018dbd-6175-4eb3-ab7c-a54e9b71789a
834b4d78-70b7-4566-b0f5-2a3da676124f,5,fbba8630-0cd4-4dc3-a2fe-cb96b055786f
cdb5d05e-3bf5-476d-821b-fbcbfbbc91f0,5,5c285e67-fc97-4b8a-866e-7dd69b15a74f
89b319f3-1610-4bfe-bf1b-05f3dd561ea6,16,b466c70a-b4e1-491d-8fda-c44ebe782955
1e03c78c-a567-4dcf-809b-829f5abe9634,10,727930b2-40da-455d-aa54-954c7c7d9d21
a0d70fdc-9888-4d7d-b590-414ecd09deec,20,c15dce24-d3bd-494e-ac56-80e29eba6eda
cb1493fe-83d9-4437-9404-908a5754222a,11,72552046-06b6-4fc0-80cb-3dc1ae4b1ec7
efafa5ec-d281-4d6d-81e8-e9f55ec1bd28,10,52e02e9a-50da-43d8-8e58-79be9cf48338
460e2148-0818-4bf5-9cfb-53057dc4b745,12,24221394-e0ed-465c-b2e3-67b18a216c8f
e3aacffd-9769-4d57-8bef-3caee6c2ca0f,1,fc37adbb-4080-45ef-89fd-63afcfba3036
baa0dd7d-775f-4dad-bc98-071f98f58a7c,17,e247904e-35a2-4ed4-94be-8750fb70879f
118ef446-05c2-4b8c-9094-62ab2a4e225f,19,276249e4-2e56-4ff8-b2d6-d39c20a5566e
3db84662-5173-4d22-a7da-79a5bc7948ed,22,a2d07115-0066-4b96-99b9-644cf872acc6
b233058d-0f57-4ffe-80de-ae1993b8bf18,22,b6a9a40c-17b2-410c-bc90-7de8b51da1e1
dd23cd7b-9e21-465a-8f72-94ed3ecfe5fd,5,6c94652a-dd8d-4edb-a7b8-f788d4743b82
ace9cf59-856f-4213-bfd3-0749a7a36f69,2,bf69c2b3-c0f2-4e50-84ac-23d6777d8f5a
5eda7482-497e-4a24-bef6-1ef5a545b99b,8,66400222-189a-4732-b28a-2f9db8ba459f
b4849d79-1f6a-467a-9eee-855916700362,17,e9deb3f6-a7f9-4089-87b1-09b605dce504
28a8a9f0-8760-4d25-ae84-c4368a0b9fd0,27,86f7646d-2401-43a2-b4c0-8166274aec76
ff49c53e-bfa8-4d8f-b71a-37be9ea86b51,27,66de44c2-735a-4f0c-894e-3d0e6b393db9
ebd982e8-62c9-4493-97b2-81de6cacdf29,18,8c80cc98-ed65-49f0-9026-d29cc350e2e7
9b84aa0b-9d5f-4332-9659-cbc8787e97fc,2,6df1ad1a-57f2-434c-80fe-97ea21f34239
98837446-5d44-4bb6-9514-75939fd16099,14,f88e7a3c-0a0d-470d-8187-dfc76f909a4b
0466aaf9-2e24-4875-8fd4-edb62f65d8aa,12,4d37282f-b1d6-4d1d-a946-b939a1d807ed
214f7a53-5a54-4304-be42-9a3394fb0cd8,7,7e5b9c20-002d-4c81-95d2-ac76ebfe457f
4f7fcd83-a21c-4f2c-b0e4-0673058273cc,7,b8790a79-35c3-4895-bf88-9436bb122f78
4289f55c-79c1-4b97-89f1-8a77bcdcb45e,21,ae69645b-6148-46b2-a552-5acd3a38840e
4c7e7e33-37ee-4454-82ac-3b4d8d745a7d,7,eb7f79cf-0ddc-48b1-8f8f-2e7436c6ed0a
f6f3649c-0bcb-4fc8-97ff-872bc4b691fa,26,7c3d4cfc-3bd0-475f-b23e-18dc164c61fe
200c9885-0f0f-441f-958f-e43575a2fe6f,3,f78076b7-96ea-4aae-8876-68aeb9f2de30
0ff49aaf-3006-4091-805d-cc7f8d81e02e,11,ddc86465-1033-41fa-bc71-a8facece1753
1806dfd8-c3fe-435e-a150-551646e864a4,7,bd52d548-0e30-48a1-9fe2-8a43c5953fb0
52ff5fb3-ca95-479e-97c5-eca8cc003078,22,b2c46808-ced8-4168-b7e6-1d1165e0bc45
5f372def-0bcc-4d2b-abbd-42edff4da1d3,16,70e85552-217e-409c-9a90-57f903affba3
5142047e-8285-47bf-aff6-51817814fc5e,23,3f1defcf-5066-4eac-8f20-7aa8079e640a
c1961327-c6ba-4538-8ea1-f4dc905d7027,23,9422f39e-2e6f-46f1-ab90-389b718f6e21
7e112a85-a9c8-421e-8123-b989c1bd11aa,15,e18685f8-51f5-4ed7-8716-b94f5f301a84
0b313215-855f-435e-83d0-05790ae82866,20,0b7666a5-a3f6-468d-a62c-05b064339ccf
68a1ab2b-58b3-412b-ba25-80a625be6cf7,23,4244a167-2b9d-421b-84ad-31d3eaa21be5
be779a3f-4c29-4b4e-8792-f483fc3b2034,11,43e3e97e-bbce-4382-9f78-00b34687504f
86a8f961-b27c-4360-b31e-3913bcd4407b,19,37f5d582-0d53-406d-99ab-05cfd8ca633d
305c886f-df6a-4b3b-9c10-26e02fd0f604,19,3f5ade35-4529-4a63-a946-b08a26ec5643
35826525-21f6-4f66-916e-a200df46e4fc,11,50e86b5e-e9d3-4a37-8187-c2703528d689
3d79faad-68a7-4acf-ad9a-da8ef25a3c1d,20,37028503-2dda-4c92-bfcb-bf1c21ea781e
58bd291b-8c17-42fb-ab41-692eff06f506,10,9861a184-2ad8-4cd0-b2d3-b44e6515e24e
4dc06509-dbe5-4434-9868-fbb24fb03299,14,85f049f1-8174-44af-a260-8d70434005bd
3ae31742-7c26-495e-b304-b6db14598b7c,11,28ecae86-ac1f-4dd2-b49b-a11a6358a050
2015c67e-493c-4c37-973b-801c82669285,6,817fcf36-23d2-48f1-9d12-6f6f2c84e499
011ad557-e254-4c70-9520-bd122a622ac9,4,fd87fb6e-341c-4f80-8ad4-1762791a172b
161759ce-7433-4be1-9b56-e075118aa5a5,15,19b1cd21-f773-473b-9716-455724ed2a79
607312ba-f15d-4eff-a1e5-180bc1475a22,26,bc7d4dca-5000-4481-856d-6acd83f8d17d
c8038291-b1bb-4b09-9d48-c502db176504,2,0ed8d8d6-b062-441a-bf76-8048ba5bccee
cb4bd614-f982-4d25-967a-72b4c4107d56,16,8810b4dc-c47a-4bcd-aa6b-a926939aa6da
9697da0e-c1a2-4e1d-9ff1-ea4e0c745fcb,8,bb5cef0a-509b-4fde-a68d-e8b5824f47c6
421f9591-8372-41fd-88a9-9880c80ab89c,1,0927e0b2-3b9a-439f-b1db-3de00fd73e06
6d4f5116-d429-4765-a1eb-a3e4505f871a,21,5748f054-8d11-4746-8901-500694f68a55
f825ea68-c69f-431c-8571-fe29810a64fc,8,543b886c-e357-4490-abfa-5ffeb92b406d
abc81f07-3bd5-4b51-b3c3-06b6a8aada90,23,d28196cd-e135-4bd3-bcb5-378e0b489760
685beb5e-9a1c-4bce-b417-98715a34b583,8,81add9d3-a2e0-4be4-950d-ddb04792c2f0
b19a7cd2-02d0-4802-badb-8bc2817b46e6,15,2e5ddac6-234a-4209-99ba-84af8c386d81
6126437a-5ad2-4844-a1a8-a8e11aec0e4a,20,3bdad212-42ce-4bc8-9568-1e04db7044d9
5d9044c0-74f9-4d57-b208-1d8fefc277a6,7,05e46127-3ef8-43e0-b613-cb278f962412
a4066928-ebfe-4d6b-a9b8-c62869c8069e,8,250e9d23-e5f0-47b0-8720-bbfbf29f7551
b3afdef9-7e9f-4b64-8c3b-79a418a4ca22,16,02443504-18f6-42f6-b779-831e9e547602
82a5d41d-91bf-4cab-9416-415478d8a11d,24,384550b2-3ab1-4bfd-9fb1-6b7f8fd06f94
41b09541-2831-4dc7-a928-64476800bcb1,25,1dc3d041-8bc8-4f81-8be9-1a8bf25a069c
430cde8d-7110-4fe8-ac32-45e7f252a384,27,c363ce66-3a08-40cf-8c31-23c737d94ade
200ce772-3105-4fe3-b4a7-4a1f94ecb2c8,11,537d5844-fd72-4efd-bd62-3288805ef531
88530099-311f-44c9-b79a-a69b437ffdb4,26,ab3a639b-7c73-4796-8d71-c1f8625e62ec
2a9ff83d-07c1-4531-8f68-4ec16b2d8271,24,00397c05-5527-464b-94dd-412bc0394c36
021d0bef-b155-4a16-bdcb-821703d0c138,13,e1c643a9-a819-4693-9a1a-d5c3d1211e30
848ad083-99ab-4e81-8dfe-2d090785c376,7,41ff8638-961b-46bf-8ef1-49c14c5fdef5
43cbb96a-4b15-4c8a-9ff5-2d5c579b7a4b,13,150d4ba9-1166-4c4a-8b7d-f0b31c67078e
d041f231-7718-4ce7-a371-756ddc25c4b3,6,18c4f55d-326b-401b-a1d2-d12d812c0e02
39072e84-8802-4613-bdc1-d5dc0b8c7c5a,27,492e479c-b76a-4724-b8b0-beef65154253
05eec8e6-e6ab-4c6f-b26a-5b7036a7c221,1,ad8ef7f3-9ae4-40cc-9ec3-ec34d3bffc6c
692911b3-dabc-4930-bb9b-a38956cff9c8,12,44744fd7-d33d-4709-b970-ca2cf654a423
b1b87d5c-8206-44fb-95f0-9758d9b1e353,1,78b78af2-284e-4c33-bb2f-71a366b12ee1
da9540f7-cab6-4c05-a4f0-155b9e0adf8f,3,ff282a6d-bb10-4b07-b22a-e45de22aa5e6
c38fa3e1-cbc4-4731-a664-04223923e07d,12,a22d4d56-4863-46f1-9aa3-dd37c8297b2d
9853ebf8-00fc-434d-a3a3-3b38f33a89ce,1,8c4bb150-d15f-44b4-9cc0-6c3f1ac6e951
7636b4ac-7d15-44ce-86c1-9a1697eab1a5,18,ba794ce6-73c9-44e6-a220-bfac39843f77
390ba58e-cd47-459a-8d35-6419a88b6639,4,22651cae-0eea-4845-a985-e95f5168a795
241d8e2a-58df-41e8-a44a-db7f5b885a48,5,f28aff98-31c7-4036-80fe-df200f3b9f5d
f38a4a4c-2859-4ce4-8a34-79718d0bc2f9,10,2ef7641b-4f7e-4110-a1b7-7ee89ffc310c
8bfc19ec-2863-435d-ad26-2c2f66f0a2c4,15,48e04901-d01a-48d9-92cc-444ed13109b7
2b901dec-fd49-42ab-aeb0-d6d7c9d73bda,7,e018bde4-cd18-494b-83b5-040059895966
99eeb8fc-9285-4cbc-ba17-b4c3ad5fa437,21,0501adc1-3e92-4186-847f-8f855eff0cab
b3acb0bf-1179-449d-902e-126cff6adc5d,19,285c43f2-34fe-4482-91cd-b2f764308ed8
f17e368f-d89a-4abf-8b22-21d7f5377f91,25,95927938-5129-46a8-9709-67651a0ffcbf
a1fc5502-0562-4197-ba71-beb102e8d878,12,aa231a84-b3ec-4767-a3e8-feac070eb51f
613c5ec2-1cb7-4419-a995-0945c95f5de6,2,bb2ffa79-b8f5-4cfd-9fdd-96429a549970
f7beebcc-228d-41be-a48c-f5886b04d900,1,c1906dba-85fc-4cf4-9bbe-3de10364dcf2
08310850-1bc8-4092-89c8-60bba58c595a,7,6ac0e37d-cea9-46f2-83e8-25ec8f3d6f92
d858ac69-06c3-477c-8ed9-57c1528de037,7,090f8339-f2ea-4fa0-b1b1-e5726c56c97b
bfe8cb58-f0ed-4e8c-b55b-ecebecfc1d89,10,8f4ccd0f-e7c3-46c9-b34d-fd3e32eae0bb
d37d238b-9ab9-4430-8283-8d1dc2fe670c,6,f73964a4-45ab-4fea-87c5-143d51f7f737
e10bb90f-05aa-4157-83ef-36fdfaaa19b7,8,7ee551e4-e018-4791-8cc2-bd29d6fc2bff
fe9eca05-513f-4455-a8b1-1c347b754c24,9,351223d0-1607-4d8c-94da-c9ca4f0c9d71
33a186b2-2345-4672-ac6b-2af470992d28,24,c117d1c0-a52e-4acd-9f79-7210566e0649
cb6e3ee5-dc9f-42e3-a82d-fe1ff7dd7c8f,6,e7d3db9b-9c72-4a1c-818d-2e3eb951d7ee
036d8131-c277-4971-a7dc-460b091650b6,11,6e14da8f-f05f-4ca4-9c78-5d4f945be3e0
1c062719-b71b-4fc1-82d2-aec1e4f1feb1,18,50dab558-47b2-4385-8dbf-d69eff72b7b7
0af60683-1240-422e-b9ae-4321abe9a5ee,8,e62af653-057e-4bb1-aaa3-dad3d5d1bd85
f3197951-5f1d-4043-80fb-713a0ffd7e65,6,1b73522f-f5db-4544-9bb7-b8840fad2ebd
41a46904-10e4-4156-8573-dffd1edd0390,7,5add358c-24e0-49d3-908b-99f31a8e8dbb
a91b79bf-15ff-4330-992f-15d771ad902c,1,25007c4d-7bf0-46be-88c7-113fb1f995af
835f6246-64fb-4392-90ea-e0efd2b28df6,6,03761732-d085-4e33-b59d-08791761227e
d381c0b5-74bc-4317-a9ba-a0fdf2e294cd,27,09e2a5f9-6c5c-4b40-8e65-1bf810103004
1648b34c-c088-4edc-afa5-89667519fc47,9,bfb8fe12-1f0a-4bcb-bbe8-1ee9de02952e
18b53b98-3320-40f1-8a54-736cad247161,4,2866372f-7a61-478d-b598-aa4da955e92a
63071343-a47f-43a6-bff0-998e8a472e09,1,738bcb24-b206-4918-898e-306f36444dba
8f931eaf-508c-407a-bc56-ba10963b0267,27,e21f7ce9-2200-4a75-9b4f-dd718d48eb96
b8b8d48a-ad2a-45a3-8351-7469f24fd739,22,3ad236bc-ebc0-438a-86a5-5dea3598942d
785170a6-a626-4796-a8ce-7c6ef315a663,5,dd8f1e94-c406-4dfd-8233-158d555504c0
0e7fcb26-7f2f-40cc-886e-57cd3b4281f5,13,f7ffebe4-bb75-45f2-9d83-91cd434de57c
a6028354-6303-4e3f-8fdd-eb1bdbe56038,21,4264a76b-fe05-4742-ab0d-c35d13feb73a
a75165b5-8c7f-46b6-9beb-085792b41b53,26,b571a666-167d-43ce-b1e4-d8531220e7a2
5b9e0ba1-ffd2-42fb-9c15-bd4b7a2f01d1,4,c3da6eba-e6fa-498d-8e5a-c0a274ef4cb3
4301be39-b365-411f-acd3-999747464e9f,11,5a19efc7-5d2b-4bbb-b795-9dd41fa4bf89
64966c17-c76c-479a-bb94-4e0d8ffaaf43,7,f645f5a2-fa3d-4f89-81b4-552e87e5ff30
753f8e7e-d6d8-4cfe-b685-4120c90082fe,10,2d9670e4-c035-4796-b916-079bc53914c7
120feed5-88f1-4360-b08b-0576c5aa6efc,15,08150d33-f4a4-485d-8154-3fbf8fee179b
e957c867-a2fb-4bbf-854a-ad70ad6333c3,8,aaab96cf-ba59-4563-a20e-0b31b13a29d5
c5536e06-c2e3-48ee-a9db-17f121689ec1,12,abab86b6-20ea-4649-8996-66eccd1ae237
f0ba04b6-deaa-4281-b3db-bbd6b9b4e5a5,26,f4543a07-0da8-4a2c-8d47-37babca4a57c
b8316e81-59f5-4faf-8822-00de14b9f3b8,12,7c8d8f36-7b11-47a8-a763-605121eaebec
474f42c7-4fe9-474f-9057-ba48683685c3,22,0f20e557-1fca-4610-9933-ca9fa28c07b0
f67558ed-dece-4205-9d61-36075f1d284b,6,e1a8c2f3-007e-47af-8245-bcd1a7b262c9
f5894ac2-0ba9-4add-b7a0-2af684b9073e,17,3aa99c21-7d9d-4841-891b-a792798c9678
711b4eb7-2c83-43d1-9e79-e14794b99dfe,26,82a82cf8-0a60-4350-a7da-ede7b5757a12
bab8bd8e-b904-4148-b27d-83f36b1380de,20,7cdb6801-482c-4d14-8c15-d309c9908707
7b1dc580-483b-4212-a238-10504c921721,14,2492eff5-f2c8-40c8-97e4-02c3d8a5ec06
65960f66-6a45-438c-aaa2-18176bbc5419,23,a93826f3-82b0-4dfd-8ce7-148680d1ea14
d7d93800-3695-4950-b97d-ed2db0ec5bb5,3,690efa00-bd5f-427f-a2c3-6f8ec0cad1cb
d7d78ad5-5f07-4512-9e3c-473092f65edf,4,93d2e5f7-4cf1-4884-bbcf-90e9e3664028
4a07b1e0-b67b-436c-a438-c4a1297de609,5,1d9bc278-bb98-4ba2-9544-82d455d7999c
20dc6cb4-421f-4c9d-99b7-69def5c15da9,5,c808cd63-b5f1-4505-9361-538b45004cb9
baf83cff-f51a-42ca-b5f1-cc7d2e97b1e4,26,1964c1e3-2d48-489e-9c80-0d68695e6299
e7e16374-eafd-4ffd-8793-f3cbd8cf8bb9,7,9da04081-6e82-42c8-919f-28e1d5a62f11
b4d47b18-f236-4687-881d-3c7df6ff9989,7,424d91ac-198a-407b-96e5-9159bf2feb44
2b0a720f-6f86-4ae1-a39f-4c60c7d60691,18,b2e15f74-7c11-4ae5-97fa-e7f5950b9850
e758d841-adeb-4207-b561-983467701141,13,81b07f72-c677-41dc-af74-b1edf537eb31
ee1a5e07-d073-4e40-826c-c34193fb55e0,23,038fccd9-ee1c-4cd9-993a-2d29af6b5610
f3828890-b5ef-4bb5-bd66-d65846b12bd5,12,5cc5e17a-a54d-44dd-bf5d-8c90d311f15d
7cacc462-cc6a-4e09-92d7-5077b51f0bbb,11,89869270-01a5-4107-8d79-45b153daf441
6c601f06-9515-486d-90fc-63b88972ce7c,20,e67107e9-2ec3-45e8-a28b-d30278708e8d
9330029d-8f7f-4492-b110-c0783b15aa5d,14,2128af0e-8f63-4aed-ace5-ad046ed58dea
bd21be5a-8000-45d6-9ee0-7634e5ff3e4f,21,0147ebe5-0396-439a-8ac5-22435e912351
e3458a20-2af4-4f84-89db-0970e340adf0,8,d5351fa0-df14-4d1e-bb26-1fba20501647
be31a8e6-c2bd-4a66-bb41-5d2a62462abc,2,5c5dbdc8-98a2-4653-8420-a1cd1b63d184
c9257718-67ae-4a36-95e9-e4e214dbbf31,25,6a45ce3d-6124-4edf-a30e-21506baadc18
0507daee-c14b-4a38-a1a2-68b3e62000d3,20,91f10084-4eb4-4e9e-9756-ac4ca872bcfd
3604cf28-c728-4ed3-b5bb-2656e4728865,19,74c34acf-9dc3-47e1-bbf9-1fe247dd22aa
114a736d-2265-4a8d-a225-47070e5c04eb,7,36cb6d29-4b7a-49fd-800d-29c04c34740b
3fd29281-323c-4b03-9268-f9cbfb082961,18,8d2b12b6-a543-4f87-9711-1db3a0d9dfeb
4d922ff3-bddc-46b8-a4dd-c5ff3cddb9cb,10,78b23ec0-8fe5-45e1-abd2-bc4f171e32d7
b63b06e7-1cda-4cf7-9ffa-c66e9e977f08,26,dff1ed43-1c52-4fa4-8447-f83db7ebefd8
79d1e6f3-93f7-4623-a662-73c170db3b93,5,3c7d6d1b-1852-4264-a816-e5a107f70b6b
d73f14d0-4b98-4edd-88c5-fa41dc7886e9,11,3ce866aa-b6ce-4003-8dc0-d40735ba5da9
56f6c76c-ea61-418f-8136-45acd37edd25,8,6048aa47-10a6-4360-84eb-f28424533332
171d0bac-3b0f-4f97-8170-dc96c757c130,2,2b3a2ce9-7406-4fe4-934e-06655d11c303
53a3b1e8-9dc4-4afd-958c-0e7dfe34ea43,21,78fdd47e-0954-4c43-bf08-5bc47cf0d74d
472b7b45-a7aa-4012-aeeb-a102d83c6358,26,c7cf9335-b660-4f93-8c5e-589fdd571e57
3caa4c9d-7fc3-4860-8d2e-ca49f26a614a,9,572d61a6-ea74-4664-bd7c-0fb1b58bcf1d
1d62c1a4-a130-4d1f-be5b-958d803fac5b,5,b45dd37e-db07-4780-8620-23bb20090e74
603ef5e3-dd23-47aa-b526-338b4e6e3c23,17,fdfa2ed2-4e76-4363-b4fe-66c4b003465e
d4dee001-6ef0-4cd5-b276-da320fb0b349,19,1510de16-da9d-4dff-bce0-1cbbcbe6aab5
54421446-93ba-410a-afb7-a5b4eb31676a,16,6013f77f-3371-4518-9487-07077f45fc71
a2e03461-6b09-4b24-861b-6559e97035f0,7,64a3155d-4745-4fc8-ae86-1161606b6e8e
a9e53722-2cd3-4062-97f6-3ccb6935d026,24,02c465e2-31bd-42a0-aa8f-8675421cec7b
69454c1b-b321-4d8f-83f9-9648279b7753,3,55da13b8-2019-408a-9ff9-f321c5522d32
760f6f1d-90a2-4a7b-860e-186f46333de5,26,dc0f88c2-6eff-42b2-b471-33bdd57b3422
246dd084-5051-438d-9713-817b77deee14,16,60e3cb6e-5df6-4460-add3-c7349b7deb3c
9f7114d2-cece-4e48-81d6-3550b8da066b,26,c82d1acb-5117-4c65-8bbc-6e5153cd658c
2c820e56-87c3-43e9-a87a-210f4f675ae4,22,d6177624-ede8-43f3-ba03-222ffe6c55f1
d30eab49-9cda-46cd-be69-2794db9e8f4f,20,c107fc77-fcce-4f44-9a3e-c631bd0ef4ff
e9fc28aa-cfda-48cc-92f3-161607b7838c,3,88e04b8c-95fa-4cf8-83fe-2de3eee2f1d6
400e5752-b459-4a3a-b06b-8e3c9c815ffc,6,fd19fedf-835f-4be4-87a5-1ce3bea3b25a
2bc7c94e-487e-46bd-8820-697eab02ac4f,17,2c9276cc-a4b8-4d2b-a11c-e9e4136441d2
d17b87d1-0241-44b8-9837-0c7f43a24fb0,13,e10f41a0-935f-4ee5-b6fd-10aaa4a5c7cc
b11cdf9b-0019-4da2-9d79-2fe72eb8d731,25,c10d3553-6d45-45f9-b861-0376abaecec8
9ecd5c28-050a-4c99-9415-ac31501c8db6,21,691630a1-cafa-472c-9baf-f70b6fbb5258
f972419e-67e1-471c-a1fa-f00c784f3c84,25,096fec7b-32eb-4805-9531-6603b38a5901
e77a1be1-ae87-4c10-8a58-65ca5f494fae,17,65ede2a4-32d8-44af-a8c9-46137d991d3a
cb140925-e18e-4351-9e04-7f50e004009b,12,e6bd09d4-2eb2-4ca4-8d04-92cdf424ffbc
c05a0a4d-c17a-4df9-81b4-f03e7188ebda,16,3461209f-faf9-4b4b-b7d4-fe077c52cdcb
6ac2ee10-2bd8-4b9f-9023-0dc5f2f4e23d,17,fa941f15-cff5-47c4-b97c-5a8f2c778891
38a98e43-6ffd-46ec-8211-f1db9daff7c3,15,5c27150e-4cba-4488-aa85-1d9274ee125d
2247af08-5a36-42e4-8328-630eed445300,6,1b45a980-120f-4c3e-bc78-42d4acdf6f3d
d6927df6-6450-4766-b6b8-789f1881b103,11,b316e96e-e200-41d5-b38f-a1e3945cd2dd
92c576a2-8ffd-4a33-8006-02263753378a,23,26403330-f402-4652-86cc-82092a90f741
eb5c4305-c4df-4adb-943c-7403a1326932,12,5266d696-9b3f-4cc4-b9f3-2d128ffb5f86
6b63c0af-bd2e-4b5a-baba-f8dd379fb139,17,69cb845b-fddc-40ff-a504-e00944a28e4b
479bf734-5678-40aa-8f8f-19f52dafd54a,23,1d102ec0-13a1-4ca1-aab9-9637e27aeb57
6e3a1017-f678-445d-bddb-3f3068c158b3,16,0be2ae50-2bc2-489d-a2a3-a8e67d4f6e26
2dc735fe-0afa-4900-b06b-f3262413b986,23,195fd732-419a-4a79-b149-07b9756d5a4c
6c677f80-8085-4a5b-868a-d90264a33d6d,16,5957e1c0-cccb-4b83-ac3d-f13a4669a793
4e2fb44d-f22a-4b84-9a7a-35f49ef8eb69,16,9861c835-aca2-41bd-989c-e9e2540bf251
cc8bb13a-fd67-4fb3-af6f-dfe8c06e831a,9,bc8eea2a-a042-419d-af7c-ab2a634776ab
a8b5f448-07b8-493a-902f-d6bb7582e2cb,19,16ca4b2f-f09d-46c5-948c-9b3666e8e381
c3b46936-d611-48bc-b17c-e93e931982e0,13,3f45621c-24ac-46e9-b932-d7cb22326aad
e57c0eea-9e04-4d12-a55a-a26f9e93ab5c,21,0ea2e1b5-4062-4f69-a735-5661540ae1fb
d115be71-9f0d-4f5d-a0e2-c0564db0d717,26,785b4f18-b0d0-4cdd-8f97-ceaf526a2d44
6b3d4f7d-f69c-4806-8377-267d93945303,19,cd74d9e3-3266-4c4c-b1a0-54e30b22cff2
9c06798e-39fa-451c-b48c-e675ae003de8,21,060e7df5-5d01-4a37-8c91-b859cef8e65b
727dafd1-fc72-41a8-aca9-57875cbef2b1,2,8c3437df-6712-4d35-8227-22ff65d5947c
a7c0af10-6894-4302-b825-331430a05971,7,d5180905-3787-44b3-a2dd-4aed70642db7
a666350b-1538-4a04-8e92-b172fae14a09,8,ea9a63ce-dff1-49a2-9315-7db378f3ff6b
a7abfc4a-6306-4d6b-90b3-23d1efd4bc3b,7,1919d95d-4f46-420f-8bba-f53eeccf9190
cba5080a-6a79-4ba4-a128-84b272bc17d4,15,9a1a7754-86bd-4e75-ad3f-5336159043be
7a9148d6-c296-4e14-b181-f926f3aaf504,8,6dd49e07-d682-4e7e-8357-48ce7aea4cbb
3ff6f535-69e4-4419-b5fc-966ae29deec2,13,902e1a65-3038-40b8-a661-5a2d8dee9de5
38d1e330-7ccf-42f9-9754-7aa95924efaf,7,7dd1f68c-5c16-4355-8897-a83a2f6ede17
cc0f1a65-2d02-4156-bdc1-d2e6597629d0,10,0a80d6dd-6042-456b-97eb-e7f570608f2e
f7e8b855-c5e7-4f01-9f46-901bd24ef328,14,4934b994-287a-4964-8201-f1066cb207a4
0d1e7abc-b90e-49b2-8d8a-62ecb63e39ff,13,acaacf72-72fa-4caa-b3dc-9930ef729096
20285c5e-a7de-4145-976e-be6e7728586b,19,d0873eed-5d76-4f97-a419-6374a0f51403
9b3ee8e8-0977-4230-97e7-9d478e4635e6,6,bed4c977-0d3d-487a-aa64-1f57c116c133
00b4f52f-b54b-42af-8fc4-e058496f003b,27,75e3c1b6-4d71-40ac-b7f2-bf3ad1d86e1b
a200c3e9-12ed-4fa0-8d6e-31fed9307f85,12,0029b36e-7a62-4e7f-b2c3-4026eedb50c1
4386d508-9228-4f43-8fc4-d229b1d8f11d,9,f89d9c7b-69c0-4323-9d06-272ec710302b
aafafcb7-d9a5-48c7-9204-a49aa171b038,18,41125043-9977-434c-a6e8-8589c86a913a
fddf847b-bc58-4e51-bb3c-90ee80fc9e9c,3,4893635b-3980-4550-9b9c-7bdfb58ef33d
ef6572e8-10c0-47e7-a2e2-bb92575dfc1b,5,499fafff-5dee-416c-8016-55409318c3c8
20c44271-a736-4467-b052-d76df9120b56,25,a2ebeed9-775b-43c9-8da2-ccb1c279e3dc
91331613-dc2d-4cf6-a92d-f9104fc6d253,3,1ba049f1-a14f-48f0-92b7-934b5f84cd46
a3d1ac65-41e5-4112-a1e0-0222742bf020,10,5295e717-773d-45c2-9307-3aa6a10a4148
4bffa2f1-eff9-4f1b-8237-62a9ab4ded57,15,072547fc-f844-4ec4-9f2e-30407dbbb3c0
17f33d5c-df43-4df1-b8de-a49c2bd24999,17,03aab983-6c96-4a23-81c9-d803659fdadf
8c69ec83-e91f-4d40-b29f-0aaa6381fc08,12,85a0b04f-6165-4c4d-86de-65c98731dd61
2709daf6-2310-4305-b893-405a5fab69d3,8,7f5a5c1f-997b-43b3-91c0-4b2f93eceae9
a88dbf5c-4d6e-4e3f-9d81-ec9db673e4a7,19,a00efda4-2d8a-43f6-91a5-a45d6d827599
1d8cc411-629f-493e-ae1d-f7ab75f86a46,2,49902408-e6e5-4263-8948-af9d2f5a5e7c
2aca1fc4-191f-4acf-8352-31b9bb6ad1fd,15,07a787fd-16b7-4bf1-9b81-c6667e63ecbe
0dcaac17-25c2-4d7d-858d-5ff97819a6ce,17,09ff2c73-97e8-4c2e-9492-8dcf8b675b8d
7fedbc8c-7064-46ab-a0b8-5f42eedba40d,20,6f0fd972-274f-49e3-b818-cd04e90c98a7
9100afb0-ac27-4f74-8fc0-2e2ea506b34e,11,0777babc-59d3-4567-9cec-38de8685f633
2219f24e-fb2c-4141-b9c2-9c2ac0a12a33,14,0f188ab8-d9bf-45a4-a6b7-be36009c6925
1b36225b-a19a-4b1a-9107-d2d06cfd2cc4,15,d6e0e307-bca3-41c2-a433-d44721ac71ec
eca005fe-30ed-491e-bebd-5a52edb4241c,15,705e6a64-d261-4467-a6b2-be42fab8bd15
e0000e31-b0e3-4512-9f2d-303462961c93,14,a24da101-91dc-41b6-bd29-d68c1a902459
80d8d426-ced4-4d12-b63c-3de42033bacc,14,510a5066-fdbd-43ae-b291-914a0a802fc4
78c8d37f-34d5-4c2d-aadc-84e4487c1a2d,12,54a34539-b907-426f-add4-28a41cb4265e
2c311435-e4fc-4b5d-b925-e3cc02fefbc1,26,33ec9c21-1c0f-489b-ad86-69e842b22cba
2b22c584-4ff6-4e5e-b794-cea8cd5acc7e,16,1335d67d-b206-4119-809e-765f66d2b284
fda4d993-0f11-4dca-938c-9898b1d90c21,11,85a86336-8066-445b-8620-279a38c9293b
6398febc-f004-42bb-a01b-040988d407a5,9,5e1193aa-e756-4236-a064-88c54825128b
e3b610cb-ea85-4663-9326-ef5ec2d139e3,13,cc532851-7b4b-41d0-95b0-c9902d73a65e
0e9d8162-9c28-4f08-9541-44dc9f7bd5c7,1,ecf4b8cd-fec9-4405-9c0f-a44653506f8f
e5c24968-3af9-40a5-ba90-dbb90183d1f3,6,e5480b49-17c5-4fec-a031-499571d21fc0
8e2b220b-404a-4b5f-a300-0b2c97a5daea,15,6b24ec0e-2c90-4053-b053-69adc7b6b651
94910f9d-cb39-4e90-b582-f47441b291e7,8,e35a8468-455c-43bb-9e76-98371bcacc40
8c4c5808-f06c-41b4-bb11-f43d6456b40e,9,df3ad21b-dfa1-4d7a-9cb1-da6aa05c4d81
23852c09-5f0c-474b-aaf7-20da95b97bd1,21,875d8348-1747-49e4-8c4e-79203b225125
e9251756-8f28-467a-8d4f-032142dba826,3,60d78183-aafa-4e85-97ed-fc5b3ef4177c
5536df50-496f-426d-b443-074e48aa07be,12,6230576f-f1b8-4bfa-ae3d-ca1c78e67ec2
b3dcf86b-7105-4f86-942f-e0f958d1f9c4,3,219203eb-b67f-4411-a78e-bd94261d65c4
1a3ec883-9f19-4b07-987d-f2daf556f3d2,10,9c93abf2-66c0-4113-9bf5-cb20a9632f17
49fd9cc7-f13f-4d47-a0b2-692d30215081,27,688bf25e-6b80-45c8-9a20-dd5c4899ec90
5e188482-98c7-49e5-9b18-1b727281643c,17,c6f1e34d-bc59-4ebe-b68c-bc852dbadb5f
85b677ef-a65c-4f67-a0e0-a143dfbbeda6,17,d221f52c-c9bf-46b5-8d80-ce10945d04c0
e0c574cb-9778-4d46-b763-aac82ebdb247,18,b528e4c7-a8dd-4ded-baf2-cc136442bf08
54bda438-efdd-4807-926f-0311cddce415,21,84510d78-8ab4-42aa-a0a8-a8ef04e9e111
c5275047-d282-454c-8d65-ff4b3465fa34,3,bee67e2c-a6d7-4945-9398-b420c523428d
dfe03e41-3043-4e8d-8f7b-326a76dc2b4e,26,d41e86d4-3857-40c3-9135-705607381b23
ecb32a53-d5bb-440b-8876-ae1cfbd9ad2f,9,2202389c-ba7c-497b-90ef-46e3f392ba27
6a01ac5a-b56d-40e7-9dd1-3adaa2953906,8,fccc0e2f-d3fd-4ac8-b5e3-4d0d542452c5
228111cc-b6fe-432e-b2a7-a4d5a784ca49,4,85cbc6b2-9e9d-48d5-a0dc-46c1bc3a5c3e
1ea7cab1-98d8-4df2-b43d-5747581ea4d3,4,f3f62dca-4dd2-4310-9186-d885fe2fd309
3ed4aa0e-dc47-4727-8b32-73366b2a381b,3,86c76485-bf5a-488f-871f-fb8531b19b9c
67f76726-b39c-4a32-b1f9-a511543cdfbe,12,a9cf4f69-9378-4587-939b-884e7b4a3f24
e60a4b0e-7afa-4267-9bba-0a48796aaa80,2,0e64f2ef-a3af-4e71-830f-32d5e5c77860
b01d9ea6-d0f2-4e1b-b90f-9490cf960c34,18,38c6d10c-de83-4883-9c42-ca4a22777d5b
da1e59e1-3751-4cda-86bb-b7f38ae23dfd,7,8da94d10-971d-4a27-97b2-135023b5d3b4
cd5877e3-2979-48b4-aac1-f9f47404698b,11,a7510f98-6884-4f4c-8f7f-afb24222135c
7d152d2f-aab8-43c0-a592-d689cf3edac7,7,739b2f0f-6198-42f2-8a74-10e90c4c329f
67086ad9-b554-4d9c-ab5b-e0bad27820f1,22,aca59aff-84b5-4634-9b48-3b49457934b5
7341b813-38b4-42e1-9085-55406878a7e8,11,5ced7f19-c18c-4ecd-b917-7d0a5accee06
5f68b3ed-24d5-43c2-8e69-e9caa03a64a3,9,e399ec7f-a0e7-4cfa-8b8c-aeb39587edc8
168668da-111e-4097-9d04-b3aaf9f1135d,10,5a50e6ff-1182-41fc-a025-db071fe64738
04c33cc5-66c7-45d8-a58c-ac2539c3ba9a,24,1626c0c6-eca1-4cf4-bc64-5b03b5da640c
e7d40037-6bb6-4c06-9cc3-d2e11a7c413b,27,3b6f60e7-85df-448a-924c-138f18acc750
503cfcd3-ab40-49fc-bfce-8ce03a6fb058,25,dcf57f41-2f58-426f-9b9f-48980bb1e865
5b0b12a4-2c23-4c78-8f66-4c845a595d5f,22,f01ab6f6-6d36-4d6f-9783-bd184fd4f57f
241dfe63-fd6d-43c0-9560-36c90b43bca1,9,6e367cf4-c598-4746-9d1a-22c55dea9530
6e6d3519-ae5b-49c0-8a72-9b59b0217c36,7,21920851-a5d4-49cd-a6e8-3831438e9801
3b768198-1917-4c03-8cbe-39a03c5815dd,23,7dac724b-0a02-47dd-b4db-4f622986f99d
55597aeb-a75a-48b0-9e05-e555abdc3333,20,4e03515d-366f-49ad-acf4-16d69e691bb1
aeebab96-b700-4b61-927d-c052169c7bb3,5,8e579c7f-71ec-42d3-a12c-5efd9dbb8c54
731a27e4-f6fe-4b9d-91a3-316d7f3ad55b,25,0fd35b2a-a3d9-403e-826e-0b82f06a5663
cf0b42e2-80aa-40c4-9177-8a5c04ab2b7d,23,e5b1fa24-e91b-41f0-9796-22ba6ed1fa4f
bf82b88d-05f3-4554-bc64-e6f7fa7cac6f,24,1bccf65f-63a6-49bf-a8dc-e4246bc4863b
614145eb-3282-47d3-a8c6-4d05fb934362,18,f0c48d35-ee34-4039-8316-1496c2b48cce
616de00d-e3a4-4a52-bd93-2d077564f72f,9,4f9c459b-69bb-4bb9-8a51-fa0ede319d9f
cd15bd35-2aab-4577-bba9-b4f5f31d53a2,1,475e60ad-15d8-4844-ae86-c8aaf43898a5
7b457533-85f5-4def-859c-5454462de967,25,33c7b8b0-f949-4d25-9f39-d2ed625609d8
c6bad2f6-7d0e-417c-9e87-ce6ca6a12df3,10,64a36d38-81f7-43da-86be-cf65c5bc4e55
e6bcb607-b158-4057-9d5a-fc70779fd6b0,10,6b01ab13-ae8d-48bd-9706-a4a01ad758ce
0155e70a-5922-4c79-b347-f8861ec8ed8f,27,3f8d9b15-327a-44a9-919d-ff1acd02f3fd
1cba065d-2cbd-4724-b1b5-e21cac92f409,12,614cce93-9ecc-4fc2-8da0-c898deb4de38
40769dfc-424d-4154-ac5e-20af7af4bbbb,26,9764e507-d9d1-4bb9-abd6-5e861083233b
f6f5fbf3-b955-4656-af2d-6f766833ebe4,13,737f3cb5-766c-49ae-8a9d-8b7e7830f647
e0fa1fde-54a5-4f38-acfc-52f1861d5352,13,2c928282-b121-43a1-8263-edf29b940afd
80078db8-622e-41b0-883a-e8b0bddecc1b,27,6085fe43-b788-45e5-bff3-e6c9fc2509d3
ef92e743-474b-4513-be77-17b90fc484aa,19,5678eb41-b81b-46d2-84e4-31264c9e59b7
af4f821f-292e-4193-8a11-8ae56436fd59,25,2a38261f-ac91-4459-9f00-9ad90f897e1f
eeebf1bc-01a7-4a8b-aae9-1107f63103cb,21,af95d723-148d-49f8-a903-8b86e8e75199
715d2535-2757-4e09-b8ba-5c2c40ed9d78,1,c0f84dc9-b3c0-4a83-b23d-29500e9e4f7c
6e7e758f-cc55-4281-ba8f-e22e8e43646b,16,19263813-5583-42f3-996b-4d263567d39b
372fab93-f8b7-47e3-ba26-5f5e8f699249,21,120699f3-cccc-4125-a295-26c5577ca4de
fb637fbf-53cb-454c-8e3d-605bcd300062,17,ad674ec3-d471-409f-96f7-47922551ea35
2e16b704-5aab-4ffb-80ea-e9712839a1b0,25,ab8334d6-fa3c-49d5-93df-5ebc222f4da5
a4fed2b0-cc59-4151-b3bf-2a620e81d8f7,5,96d8d018-f603-468f-80bd-806864b6ffd2
0ee7eb6b-0655-48d4-9ef1-adb43f7bf8ee,13,0297076c-6e51-4480-bd28-be6b80edc3bd
afcbc062-774b-4c06-8ac4-98b35ae98acb,8,265cdb2d-43e5-4c7a-86b9-0c307d18a73b
f9aa6779-af4f-4570-a9a1-a4d02ba858df,8,b9424634-3282-46d0-a43a-6995d77833e0
a1e28594-f9a3-47b6-a038-9ebabae1d86f,24,f13c0ab5-7125-4f8c-ab98-467e7d8f4da7
f1533aa8-1cb8-4d72-bf57-3a2a0e364ff4,24,cce1b773-c801-4080-8ce5-3dd3f2a3bb92
6cfe1a69-877b-4d2a-8fad-3af274b826ba,7,b0b1be98-7228-49b9-9b43-94a5e4a6cd98
0366f810-c470-4c15-92b9-7a6fc3df26e4,16,69fe3233-6b5e-4715-bf1a-0bc2100f4be8
ba1a7241-0561-4a96-9683-1b09ae2c1340,8,d9e1a910-c2e4-40cc-a76c-f22670b9ec10
412aad8d-fde5-4ae7-a58f-19673676b7f8,17,be5cae3b-7fca-4b78-b1f4-43dc1d083ef7
4f5701aa-884f-4dd1-a6cd-882a91e02fe1,19,40c234e3-f369-42b5-8649-f35ff3ad6467
3d3c2532-937d-49ed-823b-c9436e74bcd5,26,58dc0792-1c74-4a7d-9cf2-9a610cfd7590
d5bab0ad-7a1d-4b5d-ad19-43d833610576,18,c4b44472-cff3-4c9c-ac7f-bfe203f2f01c
fbb6349f-9bd6-445d-b7cc-158d4a9da3de,25,2f6d57de-1131-4a6a-bda6-965f0643631c
b29fb423-9ec1-4a83-b77d-8c2cde063553,15,a04adb99-e0b9-4629-8ba1-59044a4949dc
b40f78c5-55df-4303-9b7e-c8a351109ae2,24,c816c017-2d26-48e6-a4a6-583bba4fb093
3c9cf555-2c36-46da-ae50-8c4aad919974,27,8a793a0d-d743-42e2-94a0-9c3eef4e8e2b
a063603e-63b8-4af2-afa5-26934dde64ed,15,fcce35d5-e1f3-472b-bfd0-bfecd528da1d
14ee41ca-2af5-494f-9ef7-14d25dc59a4b,11,bb5c4387-4752-47d6-b964-20bddbe93f36
81e486eb-196d-4537-b223-ac4161a02730,26,0e45a424-9853-4cb3-93a0-e07117460f4f
62a153e5-deb8-4e40-87d1-1f5c2c67805d,3,e58fff66-4b9f-44cf-9e08-b88e9aa76b35
01e33344-430c-4194-85bf-195486d47ff7,11,2dcda653-f5b9-4795-a6f5-1dab96334b80
b194b8c0-ecda-4c6d-8345-308378a86a88,7,a17ddcf9-2be7-43da-8dbb-a734d6e08de4
c6ba5bcc-9a4e-419c-9ce3-94339e2f1f53,14,63cd96bf-93d2-43e4-87de-3f62553bea25
63cc08d4-9652-4f1b-a3fa-b57dabcc4278,25,c15cfea3-143a-4009-bc7a-1a69725427c2
90dc48b8-c592-4b8c-9cf8-797f7607e52d,23,7d040bb1-b88c-4336-acb3-100f03b4a197
4fae3eab-7b03-4e37-b28d-fe32942ec0e9,14,78937cf0-060f-4454-a44e-910df8ebf25e
2a0d6fb6-7772-4d3d-bb77-be61836b577c,7,189e62da-70ab-491e-891f-b143d074ea08
c1e8cc68-6940-46a3-8978-07636b563c5c,15,9ff802c8-37cf-4f50-ab5d-fe762119952c
8c048cde-94d8-468b-bbf3-273e39834f0a,15,53e7a7df-e269-4f7a-a804-cc0ca9c501d5
82dec7c8-1864-4fcb-b67a-044edea40e17,18,5a97052e-1775-4ddd-9e01-bcfe0255333c
ccd1ce15-8c6e-4837-843f-388655bb318d,1,050d6461-f26a-49dd-94b5-04421e9f734e
847d43cd-4750-4eda-8303-9640f93496c1,12,517402d5-63fb-4779-8403-5eb360af7d6e
6a244802-7bd4-4d5d-a10f-e70ca4ba72f6,5,cd27b430-8cc0-49ae-9bc7-6b829c5f3054
701fd4d2-d823-4a9d-ba54-d85e1764ee5d,19,ba6d6441-5d74-47b4-a502-301cf55e26e6
52851326-2f1b-4218-8d08-a5932f68eeac,5,5b11f658-0291-4290-80ac-68aca9f7deec
7a46ce4b-ed45-4213-8bf8-ff56165087d6,10,c028b35d-5120-4c24-b9d7-c53ba45dc57e
760bf206-f97e-4510-adf9-ded22c92d61a,24,05d478be-c58e-4312-a622-dfb6c071e754
a0e027a8-617c-4f4b-bff2-40e713c9e8a8,1,0891f314-5034-4930-8467-3d8d8c88ee1c
5ec6b89a-9cb5-42e4-b84d-0241b7b0d14c,16,b407092d-8c87-4b58-b6b8-f91c968488f9
b5e18308-5c84-42d1-9768-9d0ced189838,26,1f9e08bc-f584-4508-b675-a53d3a7e3572
77be2ab4-42df-4064-b157-60666c663c68,22,faa7e7a7-62da-40a3-9507-5047892990e5
02a4d21e-a535-4233-9f25-d610cbd9cca6,27,9519394a-174b-49c1-bad9-6c4f0bb495a0
d325309a-15e3-42d1-a3d6-706e89a36b27,12,f244317c-5712-4a36-acfd-797a34a4be99
edbca671-6bc3-42b6-a067-a33420ea6288,11,8c132b2a-b264-4bac-854e-561f417379bf
acaa2a8f-be06-4f92-bad9-fb267edb1b31,8,9a920a1c-4196-4c3b-9c47-87977b712e23
637df9d8-2134-43bf-ae65-7d07542adbf2,14,9283fa8c-ec9c-45ab-9361-95afae4742b1
df985e52-6dd4-424e-a427-6329ff63b4dc,14,392684ca-b352-428e-a888-df313dc58365
d9438efd-6fa3-4540-8362-34885fd2c9bb,22,5e3aaf27-f04f-44b3-8a99-7c957261dba1
cdff348c-05ba-4644-b45b-02ba6f34a51f,25,d17563e5-7a87-4f01-817c-164b8075b597
b6a89c28-a3db-44a2-85e1-7dfd757cbc8c,13,91b177a1-b196-491e-9f22-c1dfd72de835
cdba5c7f-6fbf-4adc-ab3b-ec95aeff79fb,25,25078d06-ed08-484c-9a36-b6b3a9f4043d
181c0ebf-d6e4-4b64-93a2-d72d2e273afe,25,40481497-58f0-42c1-b7d5-d089fde98a36
9b08c354-16f2-45c5-8b9b-69c5fd330546,23,6052e9d6-c11e-42e5-b3fe-a580d62943b5
9603edad-4a4c-4c56-948e-394e1e657fed,18,7e9a134b-0ec9-4e5e-836b-224da057ceb2
dd794a47-048c-4c56-8423-204a4ef76c08,10,1ce2d069-2220-4cb4-9f97-0e89046add29
e7ec759e-0533-45f2-913b-d80d83751e06,11,6eb20b1f-db20-46c5-8ed6-09a2ccbb2293
e2c05d8d-2894-4237-8f72-5323a84650ed,19,8e6427b4-1b7f-4ff5-947c-e105524937e2
eaa4e430-1e43-450a-b6a1-6efbc8707f72,1,53daeeae-45f2-4117-ab7f-d4578acbfa34
8150a885-4bcd-4cf2-bc80-00707c225d44,19,4995fb29-033e-4298-a2c2-84541f1886d1
f9f4b4a1-cef6-4713-973f-ead394b0d272,26,97b91044-6e76-431e-84f0-74fd8a7b31f4
16653b71-c4d5-4a01-b647-4aa98fa06615,2,938a56a6-c505-451e-a58e-92bf9f82eb76
f609e8d6-dbd1-4e9a-8c0b-b4592b12e22f,5,8f82e485-4d63-4884-b65c-919d4738b540
cbe8c334-aa8b-412e-91c6-3b6409d0e910,5,a35f05a2-dddb-476c-9bff-198dba803513
a0145831-708f-48cd-af6e-c8d1ed31a8e9,11,124c5b42-1c62-43ca-b7a3-c80f63ed014e
57576203-263c-4064-936a-b0785968c960,19,47eb7885-3147-4016-b405-2657aafb5ed6
7b11ddc6-733e-4ca3-bee4-fd7c5930cead,21,c7f10ebb-04d1-4fc7-a4bd-b4d1a01c5ca8
83074956-8592-4f46-a09a-809a30e3d2f5,26,b9fb1227-f660-4720-9308-6a79ad92de7f
e88e0a32-9e67-4666-b587-2cc494a5ef67,20,37e27570-9ea7-449e-91a0-768ce10c5edd
0a9b50a8-bf38-45c2-a8f4-e855a554438c,20,01b939a1-6808-4144-a295-29a07ee65495
00332ebf-c8aa-47a6-b0a3-dac1c16b2d54,19,3d7aac17-1c9f-4338-b783-cb58d0a08748
82cd2558-dd3a-44f8-b9f2-11ee85a25c47,13,a8c8e47f-b0a1-473d-b559-a92df3971e8b
e153bb88-5d25-43fb-bfe0-c43644293728,13,edea421a-358f-4886-b9c8-02007fc4f5d5
f9024f60-4148-4f00-94c2-4f21ab6a8648,7,27e037ac-2016-4e5d-a042-c93db3c1aaa3
b73d140c-91ab-447d-8079-6b386f864a3b,13,0e9635d5-6c5e-4d65-a0d8-d08f4ae9306a
7b71fd21-84ad-48f8-a5c8-7629041e7dca,3,09a32346-2fc4-422b-bf18-c93e74d313a1
b0c9f1fb-d00c-4ff7-a568-a1a73fc2b95e,18,79180234-5251-4cbe-9522-21952af80c2f
2e9fe3df-112c-4eec-8719-10405a5ec36e,13,1a1e470d-9a54-4a13-bf52-fd0dcb98a5b4
911dd431-7cf2-4af8-bf08-edb34bb8a316,7,64ff8251-564e-4fda-8949-761f40e72aae
574d65c2-26df-4fe6-a812-aed783904328,16,06367a66-a8cf-4d9f-bef7-d810fcfdedcb
a02a6718-8161-4305-a06a-adeb2770cfef,4,c3ec5b20-6ea5-47cd-a117-7ceae5b596a7
06409020-234c-4171-bd7a-51ac9f12034e,11,b20f6409-467e-4780-91e0-9549d165949f
f1b7efd7-3b62-4972-bdd6-e32106c52699,19,8a8a5ac4-1bcf-4419-858a-e549f0e65d43
4d741fbf-1a21-4835-ad4a-7e8c31b90bb2,15,0a32c2c3-da7f-49e2-bf0a-0f51c7aa6304
66d35ea7-c3fa-4876-ab30-0c0d56b2a6a5,21,239e5a36-9a89-4a43-8ca2-f9a68ede5f10
2ec6b2ee-abb2-4388-a4f5-79626734db3c,10,a3c0976e-ab17-4239-b71e-c09b57cfdb5a
9f5a1b91-836a-4367-92cb-416110d016aa,3,259067fb-6d77-4fc0-81d7-263b43f267fa
a275c5dd-cc2e-4fd9-ab71-c2d0e9821d9f,6,83a701de-93d3-4a42-9a68-28f18f5e2175
54a767ef-3ae1-4870-adac-8380703f4346,4,3d406b51-85a6-4ab8-861c-4217cdbfa0d6
0967feb6-ebf1-41ab-9488-a42d048f2cfd,22,6f433435-6239-4449-b248-cc6fdbde1b27
cd69473d-ff03-4f16-a9de-4667c7a090c5,18,80570bba-913a-44e4-ade1-2927eed6359c
b4dda6fc-65d6-4340-9f0f-a736f8e89039,6,a8f9b6ef-284f-4bb1-8abc-bf7e9aa80392
8e11424e-b18f-457e-8a75-2bc0b98ede18,2,235e9b9c-637b-4e76-9b8a-40738fc7a6b6
